<?xml version="1.0" encoding="UTF-8"?>
<root>
    <name>RoundRobin</name>
    <key>roundrobin</key>
    <state>stable</state>
    <logo>https://raw.githubusercontent.com/initiativa/roundrobin/master/pics/roundrobin-logo.png</logo>
    <description>
        <short>
            <en>This plugin allow the assignation of a ticket using a roundrobin policy.</en>
            <it>Questo plugin permette l'assegnazione di un ticket ad un tecnico utilizzando una politica di roundrobin.</it>
        </short>
        <long>
            <en>This plugin allow the assignation of a ticket using a roundrobin policy. It considers "the group in charge of the hardware" linked to a category to get the member of the group and assigning a ticket to one of them using a roundrobin policy.</en>
            <it>Questo plugin permette l'assegnazione di un ticket ad un tecnico utilizzando una politica di roundrobin. Il plugin valuta il gruppo indicato nel campo "gruppo incaricato dell'hardware" nelle varie categorie, ed assegna il ticket ad uno dei membri del gruppo, ruotnado i membri ad goni nuovo ticket con una politica di tipo roundrobin</it>
        </long>
    </description>
    <homepage>https://github.com/initiativa/roundrobin</homepage>
    <download>https://github.com/initiativa/roundrobin/releases</download>
    <issues>https://github.com/initiativa/roundrobin/issues</issues>
    <readme>https://raw.githubusercontent.com/initiativa/roundrobin/master/README.md</readme>
    <authors>
        <author>Andrea Caracciolo / initiativa srl</author>
    </authors>
    <versions>
        <version>
            <num>1.0.2</num>
            <compatibility>9.5</compatibility>
            <compatibility>10</compatibility>
            <download_url>https://github.com/initiativa/roundrobin/releases/download/1.0.1/roundrobin-1.0.1.tar.gz</download_url>
        </version>
    </versions>
    <langs>
        <lang>en_GB</lang>
    </langs>
    <license>GPL v3</license>
    <tags>
        <en>
            <tag>Ticket</tag>
            <tag>Helpdesk</tag>
            <tag>Technician</tag>
        </en>
        <it>
            <tag>Chiamata</tag>
            <tag>Assistenza</tag>
            <tag>Tecnico</tag>
        </it>
    </tags>
</root>
